fold,best_epoch,best_val_auroc
1,6,0.9678168218876434
2,9,0.9604397778859581
3,11,0.9659393771347967
4,5,0.9628149092440603
5,3,0.9711075174409292
6,13,0.9670646450176456
7,9,0.9657790680910531
8,13,0.955422830240587
9,14,0.952033422436087
10,13,0.9676059302727366
